{"cameraMode":{"drawMode":0,"name":"Shaded","section":"Shading Mode"},"sceneLighting":true,"audioPlay":false,"sceneViewState":{"showFog":true,"showMaterialUpdate":true,"showSkybox":true,"showFlares":true,"showImageEffects":true,"showParticleSystems":true},"in2DMode":false,"pivot":{"x":1.1607561111450196,"y":1.179877758026123,"z":8.967748641967774},"rotation":{"x":-0.20762768387794496,"y":0.08731754124164581,"z":-0.018611108884215356,"w":-0.974125325679779},"size":41.06755828857422,"orthographic":false}